title,author,description
Animal Farm,George Orwell,"Old Major, the old boar on the Manor Farm, calls the animals on the farm for a meeting, where he compares the humans to parasites and teaches the animals a revolutionary song, 'Beasts of England'."
A Clockwork Orange,Anthony Burgess,"Alex, a teenager living in near-future England, leads his gang on nightly orgies of opportunistic, random ""ultra-violence."
The Plague,Albert Camus,The text of The Plague is divided into five parts.
An Enquiry Concerning Human Understanding,David Hume,"The argument of the Enquiry proceeds by a series of incremental steps, separated into chapters which logically succeed one another."
A Fire Upon the Deep,Vernor Vinge,"The novel posits that space around the Milky Way is divided into concentric layers called Zones, each being constrained by different laws of physics and each allowing for different degrees of biological and technological advancement."
All Quiet on the Western Front,Erich Maria Remarque,"The book tells the story of Paul Bäumer, a German soldier who—urged on by his school teacher—joins the German army shortly after the start of World War I."
A Wizard of Earthsea,Ursula K. Le Guin,"Ged is a young boy on Gont, one of the larger islands in the north of the archipelago of Earthsea."
Anyone Can Whistle,Arthur Laurents,The story is set in an imaginary American town that has gone bankrupt.
Blade Runner 3: Replicant Night,K. W. Jeter,"Living on Mars, Deckard is acting as a consultant to a movie crew filming the story of his Blade Runner days."
Blade Runner 2: The Edge of Human,K. W. Jeter,"Beginning several months after the events in Blade Runner, Deckard has retired to an isolated shack outside the city, taking the replicant Rachael with him in a Tyrell transport container, which slows down the replicant aging process."
Crash,J. G. Ballard,"The story is told through the eyes of narrator James Ballard, named after the author himself, but it centers on the sinister figure of Dr."
Children of Dune,Frank Herbert,"Nine years after Emperor Paul Muad'dib walked into the desert, blind, the ecological transformation of Dune has reached the point where some Fremen are living without stillsuits in the less arid climate and have started to move out of the Sietches and into the villages and cities."
"Candide, ou l'Optimisme",Voltaire,"Candide contains thirty episodic chapters, which may be grouped into two main schemes: one consists of two divisions, separated by the protagonist's hiatus in El Dorado; the other consists of three parts, each defined by its geographical setting."
Chapterhouse Dune,Frank Herbert,"The situation is desperate for the Bene Gesserit as they find themselves the targets of the Honored Matres, whose conquest of the Old Empire is almost complete."
Carmilla,Sheridan Le Fanu,"The story is presented by Le Fanu as part of the casebook of Dr Hesselius, whose departures from medical orthodoxy rank him as the first occult doctor in literature."
The Cider House Rules,John Irving,"Homer Wells grows up in an orphanage where he spends his childhood ""being of use"" as a medical assistant to the director, Dr."
Dracula,Bram Stoker,"The novel is told in epistolary format, as a series of letters, diary entries, ships' log entries, and so forth."
Don Quixote,Miguel de Cervantes,"The First Sally Alonso Quijano, the protagonist of the novel, is a retired country gentleman nearing fifty years of age, living in an unnamed section of La Mancha with his niece and housekeeper."
Dune Messiah,Frank Herbert,"Twelve years after the events described in Dune (1965), Paul ""Muad'Dib"" Atreides rules as Emperor."
Darwin's Dangerous Idea,Daniel Dennett,"""Starting in the Middle"", Part I of Darwin's Dangerous Idea, gets its name from a quote by Willard Van Orman Quine: ""Analyze theory-building how we will, we all must start in the middle."
Death of a Hero,Richard Aldington,Death of a Hero is the story of a young English artist named George Winterbourne who enlists in the army at the outbreak of World War I.
The Trial,Franz Kafka,"On his thirtieth birthday, the chief financial officer of a bank, Josef K."
Fahrenheit 451,Ray Bradbury,"On a rainy night while returning from his job, Guy Montag is followed by a cheery, 17-year-old girl named Clarisse McClellan."
Farmer Giles of Ham,J. R. R. Tolkien,"Farmer Giles (Ægidius Ahenobarbus Julius Agricola de Hammo, ""Giles Bronze-beard Julius Farmer of Ham"") is not a hero."
Gaudy Night,Dorothy L. Sayers,Harriet Vane returns reluctantly to Oxford to attend the Gaudy dinner.
Gylfaginning,Snorri Sturluson,"The Gylfaginning tells the story of Gylfi, a king of ""the land that men now call Sweden"", who after being tricked by one of the goddesses of the Æsir, wonders if all Æsir use magic and tricks for their will to be done."
God Emperor of Dune,Frank Herbert,"The seemingly immortal God Emperor Leto II has ruled his Empire for more than 3,500 years, his lifespan lengthened due to his decision in Children of Dune to merge his human body with sandtrout, the haploid phase of the giant sandworms of Arrakis."
Gone with the Wind,Margaret Mitchell,Gone with the Wind takes place in the southern United States in the state of Georgia during the American Civil War (1861–1865) and the Reconstruction Era (1865–1877) that followed the war.
Heart of Darkness,Joseph Conrad,"'Heart of Darkness' opens in first person narrative; our narrator establishes the setting aboard a sailboat, ""The Nellie, a cruising yawl,"" anchored in the Thames River near Gravesend (England)."
Hamlet,William Shakespeare,"The protagonist of Hamlet is Prince Hamlet of Denmark, son of deceased King Hamlet and his wife, Queen Gertrude."
Heretics of Dune,Frank Herbert,Much has changed in the millennium and a half since the death of the God Emperor.
Adventures of Huckleberry Finn,Mark Twain,The story begins in fictional St.
Ivanhoe,Walter Scott,"Wilfred of Ivanhoe is disinherited by his father Cedric of Rotherwood for supporting the Norman King Richard and for falling in love with the Lady Rowena, Cedric's ward and a descendant of the Saxon Kings of England."
Johnny Got His Gun,Dalton Trumbo,"Joe Bonham, a young soldier serving in World War I, awakens in a hospital bed after being caught in the blast of an exploding artillery shell."
Icehenge,Kim Stanley Robinson,"Icehenge is part mystery, part psychological drama, and is set in three distinct time periods."
Leaf by Niggle,J. R. R. Tolkien,"In this story, an artist, named Niggle, lives in a society that does not much value art."
Macbeth,William Shakespeare,"The play opens amidst thunder and lightning, and the Three Witches decide that their next meeting shall be with Macbeth."
Microserfs,Douglas Coupland,"The plot of the novel has two distinct movements: the events at Microsoft and in Redmond, Washington, and the movement to Silicon Valley and the ""Oop!"
"Moby-Dick; or, The Whale",Herman Melville,"""Moby-Dick"" begins with the line ""Call me Ishmael."
Moonfleet,J. Meade Falkner,"In 1757, Moonfleet is a small village near the sea in the south of England."
Neuromancer,William Gibson,"Henry Dorsett Case is a low-level hustler in the dystopian underworld of Chiba City, Japan."
Cryptonomicon,Neal Stephenson,"The action takes place in two periods: the Second World War and the late 1990s, during the Internet boom."
No Logo,Naomi Klein,"The book comprises four sections: ""No Space"", ""No Choice"", ""No Jobs"", and ""No Logo""."
Odyssey,Nextext,"The Odyssey begins ten years after the end of the ten-year Trojan War that is the subject of the Iliad, and Odysseus has still not returned home from the war."
Othello,William Shakespeare,"The play opens with Roderigo, a rich and dissolute gentleman, complaining to Iago, a high-ranking soldier, that Iago has not told him about the secret marriage between Desdemona, the daughter of a Senator named Brabantio, and Othello, a Moorish general in the Venetian army."
On War,Carl von Clausewitz,The book contains a wealth of historical examples used to illustrate its various concepts.
The Three Stigmata of Palmer Eldritch,Philip K. Dick,The story begins in a future world where global warming has resulted in global temperatures so high that in most of the world it is unsafe to be outside without special cooling gear during daylight hours.
Time out of Joint,Philip K. Dick,"As the novel opens, its protagonist Ragle Gumm believes that he lives in the year 1959 in a quiet American suburb."
A Scanner Darkly,Philip K. Dick,"The protagonist is Bob Arctor, member of a household of drug-users, who is also living a parallel life as Agent Fred, an undercover police agent assigned to spy on Arctor's household."
Radio Free Albemuth,Philip K. Dick,In this alternate history the corrupt US President Ferris F.
Pride and Prejudice,Jane Austen,"The narrative opens with Mr Bingley, a wealthy, charming and social young bachelor, moving into Netherfield Park in the neighbourhood of the Bennet family."
Pale Fire,Vladimir Vladimirovich Nabokov,Shade's poem digressively describes many aspects of his life.
Pacific Overtures,Stephen Sondheim,";Act I Conceived as a sort of Japanese playwright's version of an American musical about American influences on Japan, Pacific Overtures begins its journey to the present day in July 1853."
Romeo and Juliet,William Shakespeare,"The play, set in Verona, begins with a street brawl between Montague and Capulet supporters who are sworn enemies."
Rosencrantz & Guildenstern Are Dead,Tom Stoppard,The play opens with Rosencrantz and Guildenstern betting on coin flips.
Ringworld,Larry Niven,The novel opens in 2850.
Rent,Jonathan Larson,On Christmas Eve at 9 P.
Rendezvous with Rama,Arthur C. Clarke,"After a major disaster caused by a meteorite falling in Eastern Italy in 2077, the government of Earth sets up the Spaceguard system as an early warning of arrivals from deep space."
Sense and Sensibility,Jane Austen,When Mr.
Speaker for the Dead,Orson Scott Card,"On Novinha's request for a Speaker, Andrew Wiggin leaves for Lusitania, a colony turned into a virtual prison, with its expansion severely limited and its whole existence devoted to the work of xenologers who study the Pequeninos, the first sentient beings found since the destruction of Formics."
Starship Troopers,Robert A. Heinlein,"Starship Troopers takes place in the midst of an interstellar war between the Terran Federation of Earth and the Arachnids (referred to as ""The Bugs"") of Klendathu."
Sir Gawain and the Green Knight,Pearl Poet,In Camelot on New Year's Day King Arthur's court is exchanging gifts and waiting for the feasting to start when the king asks first to see or hear of an exciting adventure.
Stuart Little,E. B. White,The story is episodic.
The Lord of the Rings,J. R. R. Tolkien,"Long before the events of the novel, the Dark Lord Sauron forges the One Ring to dominate the other Rings of Power and corrupt those who wear them: the leaders of Men, Elves and Dwarves."
The Doors of Perception,Aldous Huxley,"After a brief overview of research into mescaline, Huxley recounts that he was given 4/10 of a gram at 11:00 am one day in May 1953."
The Time Machine,H. G. Wells,"The book's protagonist is an English scientist and gentleman inventor living in Richmond, Surrey, identified by a narrator simply as the Time Traveller."
The Shockwave Rider,John Brunner,"The novel is set in the weeks following Nick's recapture after several years on the run, alternating between moral arguments with his interrogator, who is trying to discover why the program's star pupil had absconded, and flashbacks of his career."
The Shining,Stephen King,"In 1976, Jack Torrance is an aspiring writer who is attempting to rebuild his marriage and career, both of which have been nearly ruined by two traits inherited from his late father: alcoholism and an explosive temper."
Mort,Terry Pratchett,"As a teenager, Mort had a personality and temperament that made him rather unsuited to the family farming business."
The Hound of the Baskervilles,Arthur Conan Doyle,"Sir Charles Baskerville is found lying dead on the grounds of his country house, Baskerville Hall."
The Hobbit,J. R. R. Tolkien,"Gandalf tricks Bilbo into hosting a party for Thorin and his band of dwarves, who sing of reclaiming the Lonely Mountain and its vast treasure from the dragon Smaug."
The Great Divorce,C. S. Lewis,"The narrator inexplicably finds himself in a grim and joyless city, the ""grey town"", which is either hell or purgatory depending on how long one stays there."
The Screwtape Letters,C. S. Lewis,"In The Screwtape Letters, C."
The Pit and the Pendulum,Nancy Kilpatrick,The story takes place during the Spanish Inquisition.
The Hunt for Red October,Tom Clancy,"Marko Alexandrovich Ramius, a Lithuanian submarine commander in the Soviet Navy, intends to defect to the United States with his officers on board the experimental nuclear submarine Red October, a Typhoon-class vessel equipped with a revolutionary stealth propulsion system, described as an arrangement of pump-jets nicknamed the ""Caterpillar Drive."
The Cardinal of the Kremlin,Tom Clancy,CIA analyst Jack Ryan attends a diplomatic conference in Moscow as part of an American delegation to the Soviet Union.
Debt of Honor,Tom Clancy,"In New York City, Japanese industrialist Raizo Yamata purchases a controlling interest in an American hedge fund."
Tunnel in the Sky,Robert A. Heinlein,"A Malthusian catastrophe on Earth has been averted by the invention of teleportation, called the ""Ramsbotham jump"", which is used to send Earth's excess population to colonize other planets."
The Mismeasure of Man,Stephen Jay Gould,"The Mismeasure of Man is a critical analysis of the early works of scientific racism about the supposed, biologically inherited (genetic) basis for human intelligence, such as craniometry, the measurement of skull volume and its relation to intellectual faculties."
The Picture of Dorian Gray,Oscar Wilde,"The novel begins on a beautiful summer day with Lord Henry Wotton, a strongly-opinionated man, observing the sensitive artist Basil Hallward painting the portrait of a handsome young man named Dorian Gray, who is Basil's ultimate muse."
The Sentinel,Arthur C. Clarke,The story deals with the discovery of an artifact on Earth's Moon left behind eons ago by ancient aliens.
The Fountains of Paradise,Arthur C. Clarke,"In the 22nd century, Dr Vannevar Morgan is a famous structural engineer who hopes to develop the 'space elevator' from a theoretical concept to reality and enlists the resources of his employers to carry out experiments."
Lord of the Flies,William Golding,"In the midst of a wartime evacuation, a British plane crashes onto an isolated island in a remote region of the Pacific Ocean."
Through the Looking-Glass,Lewis Carroll,"Alice is playing with a white kitten (whom she calls ""Snowdrop"") and a black kitten (whom she calls ""Kitty"")—the offspring of Dinah, Alice's cat in Alice's Adventures in Wonderland—when she ponders what the world is like on the other side of a mirror's reflection."
Waiting for Godot,Samuel Beckett,"Waiting for Godot follows a pair of men who divert themselves while waiting expectantly, vainly for someone named Godot to arrive."
The Wanderer,Fritz Leiber,"The novel is set in a future a few decades ahead of the 1960s, when it was written."
2010: Odyssey Two,Arthur C. Clarke,The story is set nine years after the failure of the Discovery One mission to Jupiter.
Brave New World,Aldous Huxley,The novel opens in London in 632 (AD 2540 in the Gregorian Calendar).
Aeneid,Virgil,The Aeneid can be divided into two halves based on the disparate subject matter of Books 1–6 (Aeneas' journey to Latium in Italy) and Books 7–12 (the war in Latium).
Paradise Lost,John Milton,"The poem is separated into twelve ""books"" or sections, and the lengths of each book varies greatly (the longest being Book IX, with 1,189 lines, and the shortest Book VII, having 640)."
The Merchant of Venice,William Shakespeare,"Bassanio, a young Venetian of noble rank, wishes to woo the beautiful and wealthy heiress Portia of Belmont."
The Invisible Man,H. G. Wells,"A mysterious stranger, Griffin, arrives at the local inn of the English village of Iping, West Sussex, during a snowstorm."
Twenty Thousand Leagues Under the Sea,Emanuel J Mickel,"As the story begins in 1866, a mysterious sea monster, theorized by some to be a giant narwhal, is sighted by ships of several nations; an ocean liner is also damaged by the creature."
Keep the Aspidistra Flying,George Orwell,"Gordon Comstock has 'declared war' on what he sees as an 'overarching dependence' on money by leaving a promising job as a copywriter for an advertising company called 'New Albion'—at which he shows great dexterity—and taking a low-paying job instead, ostensibly so he can write poetry."
Manon Lescaut,Antoine François Prévost,"Set in France and Louisiana in the early 18th century, the story follows the hero, the Chevalier des Grieux, and his lover, Manon Lescaut."
"Lions' Commentary on UNIX 6th Edition, with Source Code",John Lions,"Unix Operating System Source Code Level Six is the kernel source code, lightly edited by Lions to better separate the functionality &mdash; system initialization and process management, interrupts and system calls, basic I/O, file systems and pipes and character devices."
The Myth of Sisyphus,Albert Camus,The essay is dedicated to Pascal Pia and is organized in four chapters and one appendix.
Cymbeline,William Shakespeare,"Imogen (or Innogen), daughter of the British king Cymbeline, is in love with Posthumus Leonatus, a man raised in her father's court who is described as possessing exceeding personal merit and martial skill."
Vanity Fair,William Makepeace Thackeray,"The story opens with Miss Pinkerton's Academy for Young Ladies, where Becky Sharp and Amelia Sedley have just completed their studies and are preparing to depart for Amelia's house in Russell Square."
Northanger Abbey,Jane Austen,"Seventeen-year-old, Catherine Morland is one of ten children of a country clergyman."
